Номер на Дроме,URL объявления,Марка,Модель,Цена продажи,Отметка цены,Поколение,Комплектация,Пробег,Пробег по РФ,Цвет,Тип кузова,Мощность двигателя,Тип топлива,Объем двигателя
crown,https://auto.drom.ru/vladivostok/toyota/crown/53110172.html,null,null,null,null,null,null,null,null,null,null,null,null,null
crown,https://auto.drom.ru/vladivostok/toyota/crown/52032589.html,null,null,null,null,null,null,null,null,null,null,null,null,null
crown,https://auto.drom.ru/vladivostok/toyota/crown/52796074.html,null,null,null,null,null,null,null,null,null,null,null,null,null
crown,https://auto.drom.ru/vladivostok/toyota/crown/53441005.html,null,null,null,null,null,null,null,null,null,null,null,null,null
crown,https://auto.drom.ru/vladivostok/toyota/crown/52106516.html,null,null,null,null,null,null,null,null,null,null,null,null,null
crown,https://auto.drom.ru/vladivostok/toyota/crown/51738678.html,null,null,null,null,null,null,null,null,null,null,null,null,null
crown,https://auto.drom.ru/vladivostok/toyota/crown/53307387.html,null,null,null,null,null,null,null,null,null,null,null,null,null
crown,https://auto.drom.ru/vladivostok/toyota/crown/53010127.html,null,null,null,null,null,null,null,null,null,null,null,null,null
crown,https://auto.drom.ru/vladivostok/toyota/crown/50326798.html,null,null,null,null,null,null,null,null,null,null,null,null,null
crown,https://auto.drom.ru/vladivostok/toyota/crown/52040007.html,null,null,null,null,null,null,null,null,null,null,null,null,null
crown,https://auto.drom.ru/vladivostok/toyota/crown/52548859.html,null,null,null,null,null,null,null,null,null,null,null,null,null
crown,https://auto.drom.ru/vladivostok/toyota/crown/52355143.html,null,null,null,null,null,null,null,null,null,null,null,null,null
crown,https://auto.drom.ru/vladivostok/toyota/crown/53439710.html,null,null,null,null,null,null,null,null,null,null,null,null,null
crown,https://auto.drom.ru/vladivostok/toyota/crown/52288748.html,null,null,null,null,null,null,null,null,null,null,null,null,null
crown,https://auto.drom.ru/vladivostok/toyota/crown/53431404.html,null,null,null,null,null,null,null,null,null,null,null,null,null
crown,https://auto.drom.ru/vladivostok/toyota/crown/49703551.html,null,null,null,null,null,null,null,null,null,null,null,null,null
crown,https://auto.drom.ru/vladivostok/toyota/crown/49703568.html,null,null,null,null,null,null,null,null,null,null,null,null,null
